create database library;
use library;

select * from author;
INSERT INTO `library`.`author` (`id`, `author_name`, `birth_date`, `nationality`) VALUES ('1', 'IsmailKadare', '28/01/1936', 'ALB');
INSERT INTO `library`.`author` (`id`, `author_name`, `birth_date`, `nationality`) VALUES ('2', 'DriteroAgolli', '13/10/1931', 'ALB');
INSERT INTO `library`.`author` (`id`, `author_name`, `birth_date`, `nationality`) VALUES ('3', 'NaimFrasheri', '25/05/1846', 'ALB');
INSERT INTO `library`.`author` (`id`, `author_name`, `birth_date`, `nationality`) VALUES ('4', 'XhevahirSpahiu', '01/03/1945', 'ALB');
INSERT INTO `library`.`author` (`id`, `author_name`, `birth_date`, `nationality`) VALUES ('5', 'PetroMarko', '25/11/1913', 'ALB');
INSERT INTO `library`.`author` (`id`, `author_name`, `birth_date`, `nationality`) VALUES ('6', 'ViktorCanosinaj', '12/06/1960', 'ALB');
INSERT INTO `library`.`author` (`id`, `author_name`, `birth_date`, `nationality`) VALUES ('7', 'Migjeni', '13/10/1911', 'ALB');
INSERT INTO `library`.`author` (`id`, `author_name`, `birth_date`, `nationality`) VALUES ('8', 'LasgushPoradeci', '27/12/1898', 'ALB');
INSERT INTO `library`.`author` (`id`, `author_name`, `birth_date`, `nationality`) VALUES ('9', 'NdreMjeda', '20/11/1866', 'ALB');
INSERT INTO `library`.`author` (`id`, `author_name`, `birth_date`, `nationality`) VALUES ('10', 'WilliamShakespeare', '23/04/1564', 'UK');
select * from books;
INSERT INTO `library`.`books` (`id`, `copies_available`, `genre`, `publication_year`, `title`, `total_copies`, `author_id`) VALUES ('1', '4', 'Roman', '1980', 'Kush e solli Doruntinen', '10', '1');
INSERT INTO `library`.`books` (`id`, `copies_available`, `genre`, `publication_year`, `title`, `total_copies`, `author_id`) VALUES ('2', '1', 'Novele', '1971', 'Kronike ne gur', '4', '1');
INSERT INTO `library`.`books` (`id`, `copies_available`, `genre`, `publication_year`, `title`, `total_copies`, `author_id`) VALUES ('3', '5', 'Novele', '1963', 'Gjenerali i Ushtrise se Vdekur', '12', '1');
INSERT INTO `library`.`books` (`id`, `copies_available`, `genre`, `publication_year`, `title`, `total_copies`, `author_id`) VALUES ('4', '7', 'Novele Satirike', '1972', 'Shkelqimi dhe renia e shokut Zylo', '20', '2');
INSERT INTO `library`.`books` (`id`, `copies_available`, `genre`, `publication_year`, `title`, `total_copies`, `author_id`) VALUES ('5', '7', 'Roman', '1975', 'Njeriu me top', '15', '2');
INSERT INTO `library`.`books` (`id`, `copies_available`, `genre`, `publication_year`, `title`, `total_copies`, `author_id`) VALUES ('6', '4', 'Roman', '1935', 'Luli i Vocerr', '25', '7');
INSERT INTO `library`.`books` (`id`, `copies_available`, `genre`, `publication_year`, `title`, `total_copies`, `author_id`) VALUES ('7', '2', 'Poezi', '1886', 'Bageti e Bujqesi', '22', '3');
INSERT INTO `library`.`books` (`id`, `copies_available`, `genre`, `publication_year`, `title`, `total_copies`, `author_id`) VALUES ('8', '5', 'Tragjedi', '1603', 'Hamleti', '30', '10');
INSERT INTO `library`.`books` (`id`, `copies_available`, `genre`, `publication_year`, `title`, `total_copies`, `author_id`) VALUES ('9', '8', 'Tragjedi', '1597', 'Romeo dhe Zhulieta', '25', '10');
INSERT INTO `library`.`books` (`id`, `copies_available`, `genre`, `publication_year`, `title`, `total_copies`, `author_id`) VALUES ('10', '2', 'Poezi', '1970', 'Mengjes sirenash', '30', '4');
INSERT INTO `library`.`books` (`id`, `copies_available`, `genre`, `publication_year`, `title`, `total_copies`, `author_id`) VALUES ('11', '5', 'Roman', '1958', 'Hasta La vista', '20', '5');
INSERT INTO `library`.`books` (`id`, `copies_available`, `genre`, `publication_year`, `title`, `total_copies`, `author_id`) VALUES ('12', '7', 'Roman', '2000', 'Ikja e pellumbave', '11', '6');
INSERT INTO `library`.`books` (`id`, `copies_available`, `genre`, `publication_year`, `title`, `total_copies`, `author_id`) VALUES ('13', '7', 'Roman', '2008', 'Neser do te jete ndryshe', '8', '6');
INSERT INTO `library`.`books` (`id`, `copies_available`, `genre`, `publication_year`, `title`, `total_copies`, `author_id`) VALUES ('14', '0', 'Proze poetike', '1930', 'Vallja e yjeve', '5', '8');
INSERT INTO `library`.`books` (`id`, `copies_available`, `genre`, `publication_year`, `title`, `total_copies`, `author_id`) VALUES ('15', '3', 'Vjershe', '1886', 'Vorri i Skanderbegut', '7', '9');
select * from customer;
INSERT INTO `library`.`customer` (`id`, `customer_address`, `customer_email`, `customer_password`, `phone_number`, `customer_user_name`, `book_id`) VALUES ('1', 'Tirane', 'afrim12@gmail.com', '@453535@#$', '0681254121', 'frimi12', '2');
INSERT INTO `library`.`customer` (`id`, `customer_address`, `customer_email`, `customer_password`, `phone_number`, `customer_user_name`, `book_id`) VALUES ('2', 'Tirane', 'bashkim32@yahoo.com', 'fsfsfwlsfdhwaladf', '0691244121', 'baci32', '7');
INSERT INTO `library`.`customer` (`id`, `customer_address`, `customer_email`, `customer_password`, `phone_number`, `customer_user_name`, `book_id`) VALUES ('3', 'Durres', 'johndoe@gmail.com', 'fsbhklflesgfes', '0671233121', 'johndoe', '14');
INSERT INTO `library`.`customer` (`id`, `customer_address`, `customer_email`, `customer_password`, `phone_number`, `customer_user_name`, `book_id`) VALUES ('4', 'Diber', 'shkelqim_mastrangelo@outlook.com', 'ghj;oiyfhtlhot', '0681254666', 'cimi32', '15');
INSERT INTO `library`.`customer` (`id`, `customer_address`, `customer_email`, `customer_password`, `phone_number`, `customer_user_name`, `book_id`) VALUES ('5', 'Petrele', 'fitim21@gmail.com', '%#($#@@#$^', '0675454121', 'timi21', '14');
INSERT INTO `library`.`customer` (`id`, `customer_address`, `customer_email`, `customer_password`, `phone_number`, `customer_user_name`, `book_id`) VALUES ('6', 'Elbasan', 'visianuka@gmail.com', '0009997653895@#@5', '0681254564', 'visi_visi', '7');
INSERT INTO `library`.`customer` (`id`, `customer_address`, `customer_email`, `customer_password`, `phone_number`, `customer_user_name`, `book_id`) VALUES ('7', 'Tirane', 'dashnorvrioni@gmail.com', 'skfdsegfdsrlgd', '0691254111', 'nori', '10');
INSERT INTO `library`.`customer` (`id`, `customer_address`, `customer_email`, `customer_password`, `phone_number`, `customer_user_name`, `book_id`) VALUES ('8', 'Tirane', 'xhentilnazari@yahoo.com', '8to734o5y034waw', '0684321567', 'xhenti', '8');
select * from reservations;
truncate table author;
INSERT INTO `library`.`reservations` (`id`, `expiry_date`, `reservation_date`, `reservation_name`, `customer_id`) VALUES ('1', '18/03/2024', '13/03/2024', 'bashkim', '2');
INSERT INTO `library`.`reservations` (`id`, `expiry_date`, `reservation_date`, `reservation_name`, `customer_id`) VALUES ('2', '19/03/2024', '14/03/2024', 'afrim', '1');
INSERT INTO `library`.`reservations` (`id`, `expiry_date`, `reservation_date`, `reservation_name`, `customer_id`) VALUES ('3', '31/03/2024', '15/03/2024', 'john', '3');
INSERT INTO `library`.`reservations` (`id`, `expiry_date`, `reservation_date`, `reservation_name`, `customer_id`) VALUES ('4', '02/04/2024', '16/03/2024', 'dashnor', '7');
INSERT INTO `library`.`reservations` (`id`, `expiry_date`, `reservation_date`, `reservation_name`, `customer_id`) VALUES ('5', '30/03/2024', '14/03/2024', 'xhentil', '8');
INSERT INTO `library`.`reservations` (`id`, `expiry_date`, `reservation_date`, `reservation_name`, `customer_id`) VALUES ('6', '16/03/2024', '10/03/2024', 'shkelqim', '4');
INSERT INTO `library`.`reservations` (`id`, `expiry_date`, `reservation_date`, `reservation_name`, `customer_id`) VALUES ('7', '07/04/2024', '13/03/2024', 'fitim', '5');
INSERT INTO `library`.`reservations` (`id`, `expiry_date`, `reservation_date`, `reservation_name`, `customer_id`) VALUES ('8', '18/03/2024', '12/03/2024', 'visi', '6');
drop database library;

SELECT COUNT(author.id) FROM books INNER JOIN author on author.id = books.author_id WHERE author.author_name = 'IsmailKadare';
SELECT customer_address , customer_password , phone_number , customer_user_name from customer INNER JOIN books on customer.book_id = books.id WHERE books.title = 'Vallja e yjeve';
